{
    "oa": 77.30988101396792,
    "each_acc": "[100.          65.48991354  58.48101266  93.90862944  83.06997743\n  92.89855072 100.          98.63013699 100.          79.72103004\n  75.98343685  74.6835443   98.78787879  84.65306122  58.09248555\n 100.        ]",
    "aa": 85.27497859645725,
    "kappa": 74.06099897072977,
    "times": 2169,
    "macs": 2266013696.0,
    "flop": 4532027392.0
}