{
    "oa": 77.48115577889448,
    "each_acc": "[100.          72.85921626  73.84615385  99.46524064  89.6073903\n  97.5         71.42857143  99.06542056 100.          80.5856833\n  59.12681913  81.21546961 100.          85.26748971  82.44047619\n 100.        ]",
    "aa": 87.02549568578294,
    "kappa": 74.62321536336046,
    "times": 2172,
    "macs": 2266013696.0,
    "flop": 4532027392.0
}