{
    "oa": 77.36599664991624,
    "each_acc": "[100.          65.2394775   78.07692308  95.72192513  90.76212471\n  90.          85.71428571  98.59813084 100.          81.23644252\n  67.44282744  74.58563536  99.35483871  81.89300412  78.27380952\n 100.        ]",
    "aa": 86.68121404049316,
    "kappa": 74.3029493028541,
    "times": 2149,
    "macs": 2266013696.0,
    "flop": 4532027392.0
}