{
    "oa": 75.0336264873254,
    "each_acc": "[100.          65.34582133  72.15189873  91.37055838  91.19638826\n  92.89855072  78.57142857  95.89041096 100.          79.07725322\n  64.9689441   71.79023508  98.78787879  81.79591837  52.60115607\n 100.        ]",
    "aa": 83.52790266103179,
    "kappa": 71.67033033429702,
    "times": 2158,
    "macs": 2266013696.0,
    "flop": 4532027392.0
}