{
    "oa": 81.03015075376885,
    "each_acc": "[100.          72.49637155  78.97435897  97.86096257  90.99307159\n  94.85294118  85.71428571  96.4953271  100.          77.87418655\n  71.68399168  80.11049724 100.          90.12345679  82.14285714\n  97.6744186 ]",
    "aa": 88.56229541821509,
    "kappa": 78.46429490882639,
    "times": 2319,
    "macs": 2266013696.0,
    "flop": 4532027392.0
}