{
    "oa": 46.04024184755674,
    "each_acc": "[ 72.22222222  32.51057828  41.09756098  60.35242291  48.41437632\n  37.08333333  83.33333333  96.36752137 100.          60.29106029\n  32.63803681  28.64493997  97.94871795  60.15936255  36.96808511\n  98.79518072]",
    "aa": 61.676670758405805,
    "kappa": 40.26719380340274,
    "flops": 2426576896.0,
    "times": 125.08346557617188
}