{
    "oa": 47.13053820993161,
    "each_acc": "[ 75.          37.37658674  39.75609756  60.79295154  53.69978858\n  65.          66.66666667  88.03418803 100.          45.21829522\n  27.60736196  26.9296741   98.97435897  72.66932271  32.71276596\n 100.        ]",
    "aa": 61.90237862818875,
    "kappa": 41.478532848528296,
    "times": 2154,
    "macs": 2266013696.0,
    "flop": 4532027392.0
}