{
    "oa": 75.49922400413864,
    "each_acc": "[100.          66.28242075  72.02531646  98.47715736  91.4221219\n  96.66666667  92.85714286  97.71689498 100.          85.72961373\n  53.16770186  85.17179024 100.          86.04081633  74.85549133\n 100.        ]",
    "aa": 87.52582090317964,
    "kappa": 72.49617757445452,
    "times": 2209,
    "macs": 2266013696.0,
    "flop": 4532027392.0
}