{
    "oa": 79.67915701932618,
    "each_acc": "[ 80.44370157  83.67654175  87.8477306   95.32183145 100.\n  63.72765616  84.0625      48.32048458  99.88851728]",
    "aa": 82.58766259837257,
    "kappa": 73.40777588563398,
    "macs": 935735296.0,
    "flop": 1871470592.0
}