{
    "oa": 78.80735245475594,
    "each_acc": "[ 73.3019298   76.37507393  79.11176184  91.07498341 100.\n  80.61859811  91.953125    70.98017621 100.        ]",
    "aa": 84.8239609217694,
    "kappa": 72.89508036827041,
    "macs": 935735296.0,
    "flop": 1871470592.0
}