{
    "oa": 81.5376273104489,
    "each_acc": "[ 67.71354878  87.22123704  88.63525983  96.03174603 100.\n  56.3439567   85.42635659  83.4431631   99.77949283]",
    "aa": 84.95497343396798,
    "kappa": 75.68547372302234,
    "macs": 935735296.0,
    "flop": 1871470592.0
}