{
    "oa": 80.56277465387704,
    "each_acc": "[71.34174138 84.00451637 69.35090288 95.62043796 99.92277992 63.68748745\n 91.171875   81.22246696 99.77703456]",
    "aa": 84.01102694158337,
    "kappa": 74.61003785544492,
    "macs": 935735296.0,
    "flop": 1871470592.0
}