{
    "oa": 84.31016597510373,
    "each_acc": "[ 72.37141557  96.34585416  67.45993201  97.98280423 100.\n  41.47123672  91.70542636  89.15431082  99.88974642]",
    "aa": 84.04230291936337,
    "kappa": 78.80640517971483,
    "macs": 935735296.0,
    "flop": 1871470592.0
}