{
    "oa": 78.86646548472275,
    "each_acc": "[ 65.0887574   87.14600462  77.56192326  95.96560847 100.\n  52.95650431  90.15503876  66.77649643  99.66923925]",
    "aa": 81.70217472190858,
    "kappa": 72.16467539142371,
    "macs": 935735296.0,
    "flop": 1871470592.0
}